Sector,Devices,Baseline Annual Cost ($),Quantized Annual Cost ($),Annual Savings ($),Payback Period (months)
Healthcare,500,1407.994230588277,516.4541602134705,891.5400703748066,403.79564751212445
Education,10000,28159.88461176554,10329.08320426941,17830.801407496132,403.79564751212445
Smart Cities,100000,281598.8461176554,103290.83204269409,178308.0140749613,403.79564751212445
Agriculture,50000,140799.4230588277,51645.416021347046,89154.00703748065,403.79564751212445
Telecommunications,5000,14079.94230588277,5164.541602134705,8915.400703748066,403.79564751212445
Environment,25000,70399.71152941385,25822.708010673523,44577.00351874033,403.79564751212445
Sports,2000,5631.976922353108,2065.816640853882,3566.1602814992266,403.79564751212445
